Métrica,Resultado
Tasa A,0.7788333333333334
Tasa B,0.789
Diferencia,0.010166666666666657
Z-score,1.3529870120936485
P-value,0.17605977964574837
